first_name,clave,email
Hunfredo,fN9)21ojXxjpHr,hblazewski0@gravatar.com
Ibrahim,rF6|Pw/%,imatitiaho1@shutterfly.com
Cristobal,eN0#ZR@Oxbr/w,cdesouza2@soundcloud.com
Douglas,iK3#4*Lbr/*pQf,dcote3@com.com
Merwin,wC2\eP`528AAKO2Z,mwalkinshaw4@w3.org
Torrin,eV2=\B5mfD9Xjn.,tpolsin5@symantec.com
Adore,wA0(fXyNaRwK{@5~,achurching6@wikia.com
Eirena,eF6=&77xp16II@p$,eshee7@flickr.com
Kennie,bF4\bDL(OFddFeW,kcaizley8@ycombinator.com
Myrlene,"gG8,X3K)<}`eWS",mmolyneux9@jiathis.com
Ulrikaumeko,"jS2|o<{XTsN&V""FI",uwabera@state.tx.us
Araldo,jY1$551n>,agarlingb@ebay.com
Sebastiano,tC1&6}\LT#w,sagronc@delicious.com
Bradney,"qL5@Sax"",!d<X=T",bemmad@eventbrite.com
Dasie,"wB9$Z_KOH""DyuTY",dlabounee@tinypic.com
Gibbie,vH5}c%l6|P)%tyb,gcockranf@zdnet.com
Daphne,"hI2|,o)XU",dclubleyg@istockphoto.com
Buffy,nI2`F<2Va,bleadleyh@mit.edu
Darrel,cH8)966+,dbooii@prnewswire.com
Mario,tZ7?y8TMQ,msammesj@bandcamp.com
Rob,cE1~P!o2\yGR'yz,rbieverk@jigsy.com
Ricky,zM9+!8/Tx,rtedderl@live.com
Agace,"hU1""Qch&Gc9qot0>",acraigmilem@google.cn
Mireielle,hF2'&8epg$*Su,mfeareyn@cisco.com
Catlin,hC6?COaR$AN,cdavydzenkoo@privacy.gov.au
Torey,cM8@<ehrt'),tgherardip@studiopress.com
Northrop,hQ8?X5lnir,nmargaritelliq@cisco.com
Harland,kQ0>V2MtDBGj!,hstainesr@acquirethisname.com
Nevsa,dL1`?Oi.1,npawleys@ucla.edu
Hollis,lJ6{vCz@*N?l3,hmarklint@mit.edu
Remington,oI5*?FcH6tXqsH#,rceschiniu@census.gov
Reilly,wO9\Eu5{,rhembrowv@example.com
Michele,eN9)peRCy>,mtycew@surveymonkey.com
Nickolas,cK3>f4EnFu,nsenussix@baidu.com
Berget,iK9@V7Xh,blustedy@opera.com
Cherida,zI9`tPI?,ccantrillz@wordpress.org
Stephi,"hQ0.,l<r<rOV",sanwyl10@fema.gov
Willdon,uQ2}O9pU`,wbusst11@hostgator.com
Margie,yX6(NcdN(&,msarjant12@berkeley.edu
Niccolo,qA8@@v6MIprLQ0,nyoslowitz13@phoca.cz
Laverne,"gA5+2CdMd.k""H1/.",lbeckinsall14@taobao.com
Minetta,pB7!V#OpFhC&hR+,mnewtown15@wired.com
Kamilah,"oQ0!o,*""\)X",kmatashkin16@prweb.com
Gweneth,wQ2#c!/Sz,ggreathead17@tamu.edu
Emile,"zZ6+8'+""vu*g@)",ehedworth18@histats.com
Tracee,lB4.Dr'p`g,tfolliott19@4shared.com
Tilda,"iE5<,VZIFRp1lMCx",tsyce1a@java.com
Nathaniel,yB7#LTGe,nvonnassau1b@prweb.com
Mic,dJ1+dATb2lH|X,mdoni1c@elegantthemes.com
Mischa,rP0=Ag.S<bO>c\N,mmeijer1d@delicious.com
Guillermo,cS6=0>}bx+5d,ghumbles1e@opensource.org
Adria,mW0<oV%~,ahyatt1f@dell.com
Dannel,"nI3=o6i""'&",daynold1g@china.com.cn
Dag,sY2#w2tJ@,dtott1h@desdev.cn
Vere,"eI3(,(j,>=aKw.M",veles1i@networkadvertising.org
Cecily,eC4{?si'i&PMG~Y,critmeier1j@forbes.com
Fabio,oH8*%s2GS$,fboulds1k@wp.com
Cora,sW8)!@yFm8PI,cwickling1l@nyu.edu
Franchot,kV2>`r4F5AU2p&',flinsey1m@pen.io
Kev,sR1*a=omd=,kiorillo1n@salon.com
Correy,"oL7,EgC1_",cwhorlton1o@ucla.edu
Patten,tA5`3y3Mw44I=,pbrothers1p@npr.org
Carver,"xG2""vzGX9H\",ckaye1q@huffingtonpost.com
Stefano,pG7)wkC2_!G,swoloschin1r@indiatimes.com
Celle,dJ4`2Tgw9)F@,cbougourd1s@ezinearticles.com
Viole,dG5{(3#5,vgian1t@wufoo.com
Madelina,mX4>}C5B1T(#,mbromhead1u@hostgator.com
Mildrid,aO5'nffKtF,mmilne1v@dailymail.co.uk
Belle,xO5@qV0_v!V5rGhi,brucklesse1w@samsung.com
Darbie,kO6)F}'ZF8q,darmsden1x@nbcnews.com
Fran,yY3!RNM9VU,fheindrick1y@icio.us
Arden,"gN0=KmOq+$%ND""",aoldknowe1z@timesonline.co.uk
Berk,"sF8<znG*C7q""|1|",bgroneway20@weather.com
Roze,"cF3""1odj4A~?""qBN",rholah21@plala.or.jp
Valenka,sF2$=N6jLYO,vblewis22@yahoo.com
Frants,yB2{tuDS'V|,fduplantier23@phpbb.com
Bartholomew,vT7`opY&xpZy,bwookey24@springer.com
Solomon,aI3~a_)A@@$R,slanon25@epa.gov
Rancell,oH3$2p0h3G},rendicott26@miibeian.gov.cn
Pamelina,zO6'K{/)4N!@o,pcommusso27@lulu.com
Killian,vH5/H(uB$S,kends28@biblegateway.com
Lenka,xM8@?i5bhlX,lweekly29@typepad.com
Rochelle,"qC2,(M4&jVi9kaj",rsheron2a@usa.gov
Bertina,sX1!7${5},btumioto2b@symantec.com
Timofei,nA7{mY\e,tgarrat2c@biblegateway.com
Viole,uI2&1E?HKk)#up,vsutty2d@e-recht24.de
Cass,yA3.7CWr,cleverich2e@de.vu
Archy,nG1~{Vnn4u1|G#SR,abrobeck2f@comcast.net
Odelia,"uB0#1c""afCL/NQ",otowersey2g@taobao.com
Reinaldo,rH6)!}</1A,rzanettini2h@facebook.com
Dot,eM1&rM}SBj4t#`1G,dspellworth2i@dedecms.com
Rennie,eW9{1mr7?,ralejandro2j@i2i.jp
Concordia,mL3(eALV*6F$0,cmilkeham2k@flickr.com
Odille,"sE9""HH|'gqPR'P}d",ocalendar2l@devhub.com
Amalea,aQ8_5>~Kf#`ImwXJ,abenwell2m@stumbleupon.com
Harald,aA4{wq(u?r{a,hrickwood2n@digg.com
Deni,mJ7{IhEoHAs{o,dwoodyer2o@wunderground.com
Nanci,"zA5/\kgV,2@f?5+",ngarrison2p@jigsy.com
Eliza,lV3|0I#9{AxX,edacosta2q@google.de
Bonita,wO8&D_1Ydbf,bfagence2r@freewebs.com
Garret,"mZ1&Si"">7o~SrqqM",gstrickett2s@paypal.com
Lilly,pU3*ydPW)fTwK),lgaratty2t@clickbank.net
Teddie,"eG7"")y)m*",thaysar2u@csmonitor.com
Burt,nF5}hz<Y0,bhoundsom2v@independent.co.uk
Dorelle,"jN8,T'MAF%l~B",dtarplee2w@mlb.com
Penny,lY0'}*ij%,plandre2x@umn.edu
Tami,"kU8,OUu%ZT{)~OF",tthick2y@ed.gov
Constance,iK7?HNqC69HfS,couterbridge2z@behance.net
Cynthia,oI1+5+u.lez,cstagg30@freewebs.com
Ody,dS7}`JQ`},osoutheran31@blinklist.com
Celinka,cZ5{fqOBn.,caberkirder32@mapy.cz
Kaela,"bE1)i/""xil<2",kgerckens33@aboutads.info
Blinny,iJ6(RZxMu/,bgyorffy34@4shared.com
Hobart,"mW0$3D2""TIo`r",hrummins35@eepurl.com
Merilyn,oH6~++6Dd''Q3vZ,mciotti36@illinois.edu
Des,dH6`'/CAyHq/,darnaudet37@so-net.ne.jp
Nyssa,wF3.K%O',nkevern38@statcounter.com
Lynnet,sQ7=#oG7YXN'X|,llemaitre39@mit.edu
Chrisy,pR0+W{>@!l%!Il,cayliffe3a@tripod.com
Melly,"yU2&I5Cj0X={Xq8,",mdavidofski3b@boston.com
Brig,pV7('TH\2&,bluberto3c@fotki.com
Haroun,"zW7,6E9j",hdymond3d@last.fm
Neel,"lQ1?c{&m""~n",ncoulsen3e@ihg.com
Denna,"nF4@&NOrb3~""Qj",drichardson3f@businessweek.com
Siobhan,rQ5!vl~F,sarnaldy3g@php.net
Rem,xM8$E!Zi,rhasser3h@telegraph.co.uk
Odey,sN0<V=coI3M>E,ovedenichev3i@washington.edu
Cristiano,bB4>(Dz6u,cstarbuck3j@aboutads.info
Ariadne,"rI4""F""`'fm",abrinsford3k@wikipedia.org
Nora,fP3@olW9e_L,nlorraine3l@barnesandnoble.com
Mariel,uI4'g!/v$,mgillman3m@goo.gl
Cly,"nP2""*+2>_j**RLb4",cfaiers3n@friendfeed.com
Micah,qI3@ntyvt,mclethro3o@loc.gov
Etienne,wM3=K0wf=dLqb@U,efassbender3p@jiathis.com
Ailey,"bL7\,1IJo6oqZ7",arowly3q@facebook.com
Joellyn,vL0>&c5`PSf,jgoodby3r@nsw.gov.au
Harriot,rH9.?ZVtI,hdurrington3s@people.com.cn
Elli,"iD1.{Fc"")",emusson3t@aboutads.info
Randy,aG2@ssmzPKIX?,rsimeoli3u@techcrunch.com
Nil,oU9\Q`3K`,nboerderman3v@nih.gov
Layton,jQ0=FS1`cx,lyacobsohn3w@state.tx.us
Cori,kX2(W3.!aVqW#,cwinson3x@phpbb.com
Miltie,fH6)Nsv.t,mmattessen3y@rambler.ru
Joycelin,mQ0|p{L/Z3,jdorran3z@bloglines.com
Bunni,vR6@suxHD9PYw,bhurring40@google.fr
Layney,sY0/dBcn)~,lbakhrushin41@flavors.me
My,sP4='W0g>2m,mosheilds42@webs.com
Hymie,"jN5(dWJG,$",hharryman43@slideshare.net
Dicky,zP5.cdTb,dfarfalameev44@craigslist.org
Court,rI7.Fd+#S_,cbockh45@taobao.com
Rosabella,qX0*.wJgR.x?,rkuscha46@woothemes.com
Andie,dH6&(K1',amcilwraith47@ed.gov
Hildy,"sL3='C0+,4d0d",howenson48@multiply.com
Orella,xZ0!DSOF+_,otunniclisse49@flavors.me
Vaughan,zB4'dB%|,vscollick4a@google.fr
Chick,cR6==PN_8%RJ{,cmatton4b@yale.edu
Jemie,qO2#@49n$l*,jcircuitt4c@blogtalkradio.com
Chicky,jH1)}>*NWFr,cmorteo4d@mapy.cz
Kimbell,"cS3,NV2CP<6qR&",kcollymore4e@domainmarket.com
Gideon,"qK0""Dyns6",gstoves4f@tumblr.com
Anna-diana,"nL3*O""i~G",ascones4g@creativecommons.org
Benjamin,"tG6~DN*Oh,5W>>>'",bmarthen4h@bigcartel.com
Malissia,vY8_1xM~,mdowne4i@slideshare.net
Lenard,rZ9*XDySt|3Z*,ltelezhkin4j@artisteer.com
Derek,uO8+\wr~*HmMK,dbembrick4k@squarespace.com
Vivyanne,hV7>CFm3G.'!`x,vgeaveny4l@umich.edu
Jelene,zY3#Tv_HE,jfulcher4m@soup.io
Elly,xC1'D?Gt+#,eespinel4n@zimbio.com
Arlana,bR0\+tT`qu`S(,aellesworthe4o@about.me
Lucienne,hW8`@Do6(WULB9c,lrootham4p@domainmarket.com
Xena,rH5&sWDs,xough4q@wiley.com
Errick,gL4}mZ/w,eduffie4r@eepurl.com
Lenee,nI1=19KDs(4,lmaccardle4s@mapquest.com
Albina,oR1(KqSk,aklazenga4t@g.co
Hayward,jP6{UVj*I<,hlimeburn4u@msn.com
Suzann,aL0?eF0LA|i<+~2D,sguilayn4v@cam.ac.uk
Octavius,yB8#GC&T|FJPxv,omcrannell4w@chron.com
Wayland,wJ5.6F8dNZIi$hy,wmcelvine4x@yahoo.com
Joy,"aJ9""Gs9ccWMe8Y",jsex4y@shareasale.com
Winston,hZ4?b5q)8k|g`&J,wpulsford4z@unc.edu
Tera,vR3(iot}|fR,tgreathead50@businessinsider.com
Rhonda,gI1''jROSIUFQN,rbirkwood51@who.int
Viva,tG0!5otM,vkiendl52@businessinsider.com
Rustin,cB1){#uq+?E!0,rloseke53@icio.us
Dalila,cG0*DsYfk,djencken54@123-reg.co.uk
Matelda,bL4?7(~}@Ll@R'.,mdickinson55@upenn.edu
Adel,"nG3/(J$""s",aanear56@ftc.gov
Carly,"xH6+wT+FiLV,l2E",croome57@so-net.ne.jp
Elissa,jO9>N+?DcK6HB,esaul58@uiuc.edu
Consolata,rJ4&Zs_$L3!,cbabonau59@bloomberg.com
Jakie,iI9=+S.pVi3x}bC,jleall5a@blinklist.com
Natalya,kW2|tOSG,ndeem5b@nytimes.com
Dorolice,vV5{<GvV,dgiorgeschi5c@scribd.com
Annie,zL0/0Tqun`p,alinnitt5d@eventbrite.com
Frederich,"dE2,(+8#5<Kz)\7",fschoroder5e@google.ru
Quintana,cF0|{SHZM+sZ,qfend5f@goo.gl
Auroora,rQ4#z&FEP3`,amillhill5g@privacy.gov.au
Timotheus,lG4/iF~=,ttrouel5h@devhub.com
Clement,fH2?oL?/@zR,cgerant5i@tinypic.com
Bendite,iH6$S_Uw++k<~S),bfennessy5j@sogou.com
Tory,iK6*FRhVc_,tpigram5k@tinyurl.com
Goldie,gP0_Z1%LQ~EV,ggirhard5l@uol.com.br
Wyatt,"uL3<A@2r""=_,,",wblowick5m@privacy.gov.au
Rutger,"dR8?,uh}ot)N",rsoot5n@youtu.be
Clem,"iD7={>PZ,}r!kGm",cbentick5o@angelfire.com
Jerry,nM7<>lxe{FV',jskechley5p@posterous.com
Ransom,oA3_xwS{9e+|0,rlotherington5q@tripadvisor.com
Marla,gT5&eyzZc)>\Cd,msteadman5r@fda.gov
Olin,"qY2'e8""%jGcb<tPW",obanes5s@blogtalkradio.com
Elie,dD7!B&?bzP2L,elindman5t@microsoft.com
Ferd,fY5`|\x{4|Tcu,fsouthcomb5u@drupal.org
Gerda,uT5.GwBj,gchallinor5v@ucoz.ru
Rene,aY2/hpd2,rcoombes5w@bluehost.com
Ely,rI8/8xLa<kGmd,efrancescuzzi5x@godaddy.com
Oona,rO0'7Zh3=,obowdery5y@princeton.edu
Marguerite,vV1%{`DzVnXD1hys,mspinozzi5z@i2i.jp
Sherri,"rX4,I,TVj|&~.}*~",sainsworth60@tinyurl.com
Justin,kN0.0DP5,jallbon61@symantec.com
Reube,"rO3,HR+6o8IT5Q",rgahagan62@themeforest.net
Janna,"lQ5<P1u\803""\",jmaccourt63@elpais.com
Dionne,"bI3""qeMT3zdg|",dtschirschky64@msn.com
Auroora,qH3`1pql,amarguerite65@ft.com
Ximenez,mP8>W!oF7,xcridge66@google.pl
Cornall,"tN3|""$s|RMR0",critchings67@army.mil
Chevy,"nF4(""ic{$>5rFF",cmcmylor68@wix.com
Zulema,"rY2#c""xe",zleonards69@fastcompany.com
Marijn,oA0$%`hjC_=/U,mcartlidge6a@issuu.com
Feliza,lW9''mo|O|KzW,felbourne6b@npr.org
Ophelia,"dR5,0B@</_!T~Ti.",oallott6c@wix.com
Corty,wM6'$up9nn=/sVJ,cvanelli6d@seattletimes.com
Zaccaria,oU0{W|X5d|}xXM,ztestro6e@foxnews.com
Aridatha,xF8\SRRN,aguille6f@clickbank.net
Marilin,fP2<Jxd!Ff}bb,mbearns6g@shop-pro.jp
Letty,zB6'h4aA,lhartopp6h@seattletimes.com
Dev,"oI1""yHE91t{TC",dlarter6i@ustream.tv
Jeramey,bT1<%f#2bzbyjy,jstopher6j@cisco.com
Tonya,gJ9#UGbF!RLvmfh,tgoburn6k@netvibes.com
Derby,wQ0!)B}cROIh_z3d,dgiannazzo6l@imgur.com
Cleopatra,xX5}q.bZ.o+V2D&O,cbrotherhead6m@stanford.edu
Marion,xB9%~a.w*4F/$.6,mgeaves6n@earthlink.net
Nerti,qB2.D6Pa?~n*tvZ/,nmacdaid6o@home.pl
Tann,eM3'L%Y&CJ,tclilverd6p@tumblr.com
Clemens,"qR3!""9VwV~O",citzkovwitch6q@aboutads.info
Micah,eY6>_dmYs@h/,mwestoff6r@ycombinator.com
Ailbert,oJ1\KuAw,avynarde6s@usnews.com
Rozelle,tU9>Q7@x}~<x,rplayer6t@senate.gov
Daloris,"kH2}xO=r\bab,b",drainer6u@printfriendly.com
Aarika,fH5@4ITyg1|,adyche6v@pagesperso-orange.fr
Husain,bH0<y#+S`$k6tVNV,hmabley6w@jiathis.com
Inge,"gG2*Hb{_u..2,Ky",ishiel6x@amazon.com
Sonni,mG0@2wp(~E@{,sbayfield6y@un.org
Curcio,"uH8'""SDQ8051(~",cbentham6z@dedecms.com
Madelle,qL4?vB4ID|I&ag,mwankel70@csmonitor.com
Noellyn,eG0?|PywI,nsheldon71@xing.com
Tripp,"qE8<=XM`""?P=sPOh",tbernardoni72@scribd.com
Carree,dT6#h@?o%,clambrook73@pen.io
Aloysia,wT4<II'd&'s6j8}(,acastanie74@e-recht24.de
Egan,eQ5}3513U,ehardiman75@desdev.cn
Bertie,xN2/a!L5tR97vNa.,belijahu76@mapy.cz
Christye,sU2._hI*ByM%(5,cthompson77@desdev.cn
Free,"mC6<d\""d&)b`'K",fnisuis78@bandcamp.com
Isadora,uB3#pe*%,ipluvier79@ning.com
Roselin,kW5(@uU#8sN,rstoite7a@bluehost.com
Ariela,"xD8""_Mf!ILN}",ahairs7b@topsy.com
Addie,"qJ8/&~IAL/>""4.'",ablowfelde7c@ovh.net
Arturo,aO1'/)o*@/t,aprudham7d@hp.com
Carola,"bK5"".#Mk",cmongeot7e@usnews.com
Jaime,oE0/fILc@5auXIN,jszymanzyk7f@google.ca
Gino,xJ3\oZvB%aK1?,glupton7g@google.co.jp
Leeland,"yA0""L0'WVI,Y>",lrolfi7h@comsenz.com
Husein,aA0~WyOr,hchannon7i@fotki.com
Kippy,"gC2""v~yb0?0y5$TQ",kcalderbank7j@bing.com
Clay,jD4%hD'K3VVj#,cilett7k@nbcnews.com
Matthus,xZ4{}*3C,mfitzjohn7l@xrea.com
Cristal,hF3>`CoiO%,cfley7m@wufoo.com
Natasha,nD4+5q<17h1(,nchelnam7n@flickr.com
Chan,"kP4\3<>jv!,mGPO",ctaks7o@cbsnews.com
Dermot,"yP5'v0kDLq\"".IQ!",dloram7p@digg.com
Benito,"xZ4#/(G""",bsalvador7q@adobe.com
Vidovic,tL5~QePhv|_<8B,vleuchars7r@hibu.com
Deni,rX7)G_MC$Hy!/,dlinskey7s@huffingtonpost.com
Christen,tO5$%dj$c5$k'1,cgoodinge7t@mashable.com
Christiano,"tW2|xLCu,wd",cthoday7u@cloudflare.com
Faun,yB3)@e&3WE(0QexV,frobardey7v@discuz.net
Craggy,aV5_!Jyo4M,corrocks7w@economist.com
Rochella,rC9.AstY'Cd1.,rfranceschelli7x@smh.com.au
Corliss,mH7*<~vC.0&,cscotchmur7y@cafepress.com
Linet,oU4~llZ*cc?K5,ljoyner7z@comcast.net
Falkner,bJ7_is$n,fwogan80@nba.com
Chastity,vJ8/P)}}7,creeder81@bigcartel.com
Imojean,vD3*lqdQ9z+#mwY,ispadaro82@google.nl
Cyrill,yQ0=&}U}|VO%=,ccaller83@ihg.com
Charlie,lK1_LZq\&NII40(U,cviste84@purevolume.com
Sharona,pH4}\|QgU>J&_qf|,spreble85@discuz.net
Erny,jE6+}q5M>,ecurley86@samsung.com
Putnam,"eJ4.}Tz,K@N#.`$.",psymondson87@amazon.com
Justinn,"pD1,X10XSpi*Z""",jcruikshanks88@goo.gl
Katie,bQ0&mlb20n5oK@,krowler89@purevolume.com
Madelena,fN0$P%aD*f2HtnU,mkonmann8a@printfriendly.com
Pace,lF1&!#{B,pskryne8b@zdnet.com
Olav,uY6@p)e}hl,obernollet8c@fema.gov
Dianemarie,aU1|h4&*R,ddeath8d@twitpic.com
Sarajane,vU9.*!mOiLr,srizzone8e@oakley.com
Allix,sE4{URiv+7`Q7X,abritzius8f@wisc.edu
Serena,"nD3,M%wn",stucknott8g@nsw.gov.au
Kerry,"bX7{yQPC@%'""'xM",kdumpleton8h@webnode.com
Ariel,zN2%$4fx,agudge8i@washington.edu
Kerwin,wR8_d|4?{.N4n,kiannitti8j@businesswire.com
Dwayne,fW6%5Wi&z,dlisciandro8k@usa.gov
Adaline,qT6|Kuw9e>V<o,arockliffe8l@lulu.com
Margarete,kJ7.u%LGR5~pXd,mshimwall8m@state.gov
Kendall,yX1|~ImHVBm?,kbwye8n@mit.edu
Jasen,xD7%3>c247p,jfishburn8o@nymag.com
Paula,dE0=IFcs(H,psyms8p@wufoo.com
Sibyl,fZ9!$Yq$~rlJ`OSL,smccorley8q@yelp.com
Abbe,"hE0""2x8{Vf~IcDmp",alupton8r@noaa.gov
Egon,qP2#?`ol,edanzey8s@google.co.jp
Kim,"jZ5""yGl&JyO'K",kfairbourn8t@apache.org
Siffre,oW9.E/gsM/,sskin8u@latimes.com
Tommie,eI5\zIL>g\,tfrushard8v@ox.ac.uk
Amby,pW5)+=A(K,abetteson8w@usgs.gov
Colet,jW7!}D%%S,cduester8x@wp.com
Randolf,uX7@gJ&pfol23}2>,rochiltree8y@acquirethisname.com
Caryl,sW0)|XV1UT7zwx,cedel8z@shop-pro.jp
Gannie,oT5\YI@P|C&)J,gshowers90@sun.com
Clara,sJ1*>4@DT,cparbrook91@intel.com
Loralee,kW6`p%~cT=@>Z@U,ldils92@fotki.com
Leigh,aQ7)J6\bWezU.Ry,lhearons93@archive.org
Terry,fI9)'nG`0a,tdugmore94@weather.com
Arlana,iF0?3Il9}aWRn,aalwin95@seattletimes.com
Dimitry,"jP8,xPl{/q",dbellenie96@list-manage.com
Kiah,tX6)IZYt'j_(RCO,knutley97@feedburner.com
Torie,"oW2<2+=+?""ix",tjoslow98@state.tx.us
Aurlie,fW5$FsWknWFf<R,amacalpine99@sohu.com
Laurice,iJ4=mscRNP`i/8g(,lcheeney9a@moonfruit.com
Joby,zK4&GU&pe.,jhowels9b@wikia.com
Fern,dA2_qV#95a,fprozescky9c@usatoday.com
Freedman,"gO3.c},Uw)7",fashbee9d@mayoclinic.com
Flossi,mU3|.<fjvq)dENB_,fmughal9e@soup.io
Alford,jN5?NMX2G/},asharkey9f@taobao.com
Annora,aE0!2Q(fiqZy2F&,acamsey9g@qq.com
Benoit,bH5#5SPV?,bpietruszewicz9h@unicef.org
Lydon,hB9/=|HVxe~yM,lfielden9i@jugem.jp
Fleur,pL3/QhimtA,fmousley9j@salon.com
Paul,hB2&GWs{QM\mRg%,poxenford9k@si.edu
Raleigh,wW4'TB(8~8,rartiss9l@indiatimes.com
Augusta,"hJ5%x,Xi$",adegiorgis9m@sogou.com
Ebeneser,"yC7>1Ecn<8/G*U""",emcmillan9n@wunderground.com
Darius,pJ6'>HQ1#,destoile9o@nyu.edu
Dev,"dD2{K4~_,g<7",dmossbee9p@google.co.uk
Hyacinthe,"bH0{,q,ht}ziggVJ",hrolstone9q@tripadvisor.com
Gussy,oV8#~g9$yokP,gthynn9r@nyu.edu
Willdon,lW0?nEB/OKOVtP,wbarrasse9s@army.mil
Redd,iK0!OL_ex,rbromby9t@indiatimes.com
Angil,uR9~H=7n,ajosefer9u@elegantthemes.com
Saunders,sE8.Ap26AP,showgill9v@spiegel.de
Sawyere,wK9>mglWyMhr,sbernath9w@patch.com
Arleta,"cT3,sOrCJ{",adizlie9x@cnbc.com
Idaline,kW1{EeGI9VQS|,ifaye9y@ameblo.jp
Kare,rA0*%XN&g)E4,khabble9z@archive.org
Lilias,kC6}n#bj,lspellicya0@va.gov
Timmy,gD9(S#>3ih8Vm/,tlanpherea1@oaic.gov.au
Eda,kB6@$LYL5,esweetmana2@economist.com
Dennet,"fR9.g4T'E,HbA",dbleackleya3@cbc.ca
Joyan,"xA9`AHh""7wv",jbalma4@g.co
Clem,dB8`ES9d&=ZCC,caldricka5@technorati.com
Cris,tZ4=R>7Wf,cadelsberga6@delicious.com
Raddy,"fB3.#uvQ!+aAK,F",rjedrzejczaka7@typepad.com
Luci,pS9!uQ<e,lkonertza8@soup.io
Esther,xF9'|adJOf,eyoungea9@51.la
Shoshanna,"tD7{,N$%~X+K{$s",schstneyaa@amazon.co.jp
Flossie,dO3=WmsFREk,fridewoodab@howstuffworks.com
Birk,gB3{fyq)nqUW$,bleslieac@guardian.co.uk
Dur,oA6<L@l(vf_CN,dbossonad@marriott.com
Della,kP9\>Ok1WF?zf<,dhaggertyae@1688.com
Nerte,"hM6{{==""a!qw8",neckfordaf@acquirethisname.com
Melvin,"aX0\iai,C5pks",mableyag@biblegateway.com
Ulrike,mC8_e~A#|a~u,ujeanninah@typepad.com
Taber,kI2|9WNv3Cl.g,tmcmullenai@slashdot.org
Dalis,lO0$Q9Hv=3,dcokayneaj@mashable.com
Dillie,tC6*M#t~)Z,dleggeak@who.int
Trstram,"aI3,%k@*DKseX",tadshedal@samsung.com
Lenora,nU7.W8y1/D6?PUEE,lmussottiam@blogtalkradio.com
Skippie,fS8?q#E=F,sjeffesan@cdbaby.com
Joshuah,"yK9""GPVo{tD`i8J",jperoao@slideshare.net
Grace,"kW7_FO)ve%zRA""cO",gtofanoap@mtv.com
Erhart,pU7%}cC19WwF,evonderdellaq@1und1.de
Eal,bI1`?Wt.(xPiNn,efillgatear@trellian.com
Conny,zY3%Lw=g,cmangonas@jugem.jp
Lacy,xM8/0wK<VL{,lbordesat@nba.com
Phillip,nL9`g'leg,phellmerau@issuu.com
Cymbre,pK2?e<1)g*w\20,cpavittav@zimbio.com
Adelaide,dV0%6Le5I7c#,acamingsaw@hp.com
Reinold,"yI0\p,LD@j",rdelagnesax@businesswire.com
Roselle,oL2$9Xl?+},rolpinay@smh.com.au
Paolo,"kX2,A@I$u`",pbrailsfordaz@aol.com
Theresita,nO8>*ObBu`lT,tbibeyb0@vistaprint.com
Desmond,"dV6+g>Rj~G,dqtob",dhinstockb1@yahoo.co.jp
Gwenette,jG5>8'`eanDy,gbreemb2@youku.com
Will,rL9($arw*MzB'sr.,wyearnb3@alibaba.com
Cariotta,zD2/ew8~QkZD'o/,cvanaccib4@washington.edu
Robin,jX7$+Fn#,rgosenellb5@nature.com
Kelly,aS5(j~#pF!IP_uTc,kbrannob6@yandex.ru
Jake,"hQ2$e=A,(<LDht",jmablyb7@mapy.cz
Nick,dB1!git/3V}loT,nscawenb8@sohu.com
Karole,eH9{cWKv,kbransgroveb9@topsy.com
Duke,wO0*%1'@In4c4i8#,dlambaba@nba.com
Tory,"lP1`#82$6)""U",tmacgarveybb@mapquest.com
Shanan,qA7.YN`CL/hb@tE3,smckennanbc@sourceforge.net
Lindie,"nP7&&W6,",lyakobowitzbd@gizmodo.com
Kyrstin,aJ0__Ji\cc4q&o},kbortolussibe@canalblog.com
Lon,"gH2?iON3,Z=/,D",lcolvinbf@dyndns.org
Gennifer,uZ5#i(k!m+|{,gmichielibg@earthlink.net
Emmy,jR8`!keqf>F5R,efreshwaterbh@google.com.br
Colman,nV1)?xD@ob\oR,clovittbi@feedburner.com
Aldridge,aX4=tsu1}mcRbP,adykebj@freewebs.com
Ramsay,aX6{\n!|cW,rsturebk@goodreads.com
Bennett,nJ4)H1>HRM!,bjankubl@lulu.com
Viole,rY4(iL|}io=,vkhomichbm@artisteer.com
Jervis,wA4*OrHE,jcrocroftbn@amazon.co.uk
Thor,dT1={oo}ALMI|%o(,tbravingtonbo@netvibes.com
Matthaeus,nO2>jm~F`=N)pw,mrandlesbp@fotki.com
Violante,hS1>)VjdD+U,vperviewbq@paypal.com
Thorny,yE8=@JyFb}P)C1=,teverybr@hhs.gov
Phyllys,gG6@jHg&>6)mR>,pbelleniebs@tinyurl.com
Minette,"mI0?JB""oIx1H",mkonradbt@cornell.edu
Charlton,"lK5'a_C""5%m8",cwernybu@wiley.com
Bud,iE1)wWBc&CX3=F,bcramptonbv@boston.com
Verla,hU8+|~>_C,vtrevertonbw@opensource.org
Abby,rP0$7p9o*,adalglieshbx@exblog.jp
Brenn,kA8*7UrYRBTWHuB,bgowmanby@unc.edu
Ahmed,xL2||4OSmU>5'hC,arimerbz@ebay.com
Louisa,uY4!N0P$*?s+0$c,liacobinic0@amazon.com
George,"bR9>,Hs?<",gbintonc1@mashable.com
Sheila-kathryn,zG1}bHRGU,sbaudic2@youku.com
Katuscha,dI3*G5`6,kfairniec3@marketwatch.com
Lucius,sP6`BEd}%>#@=v\A,lpirazzic4@nba.com
Grayce,"rB4!dt`'""O!",gdurwardc5@blinklist.com
Mata,fR9|1OInw&W\,mprettyc6@fema.gov
Heddi,hR0>GTSm,hmurrigansc7@comcast.net
Englebert,bC3{CE0fIoL<,ewallickerc8@dagondesign.com
Alonso,"kE1>aI,r7mW?jR}",afrenchc9@abc.net.au
Georas,xT7>m+{8d2\@,gvinterca@symantec.com
Marabel,kD6=N5A<z2am,mlomaxcb@weather.com
Brendan,fN5\gIV?U\=Fn17,bskerrattcc@unicef.org
Colman,uB1?DAxIfQNu_K,cjaumecd@edublogs.org
Aube,"yU0@N.Cw""6P",apashenkovce@time.com
Brendon,"kW8""',cQ<p/(c",bshillitocf@photobucket.com
Vickie,gA0=~GjiUca)Ue,vsalomoncg@blogger.com
Izzy,iD3+@plW,iphettiplacech@pcworld.com
Abbot,wT7*i<=9,abattsonci@elegantthemes.com
Honey,"nK2(""gRf1*6+",hrembaudcj@163.com
Ardine,pY5`GC0'zIvYI,amorsomck@github.io
Thurston,vM4}*<pS5,ttebbutcl@latimes.com
Rosalia,"tU3=b9tW93,NU17H",rheadinghamcm@icq.com
Emmet,eP3}CDH+N3Z,eoughtoncn@ibm.com
Elene,yT6!hNx#h,eandrzejewskico@amazon.co.uk
Steffie,gC1@/ynj|{/C,sfurtadocp@dagondesign.com
Ebonee,eW7(6?p/+8xH,efrankiewiczcq@illinois.edu
Louie,aU2~ec&nH.vO$L{,lmccullencr@prlog.org
Garrek,rK4&tF*os*W,gscracecs@sciencedaily.com
Amelia,"oY0*=EX""Y<",afieldersct@woothemes.com
Alma,rP6#!1ut5a2bAk~c,aimmcu@networksolutions.com
Ruttger,jK1~N}<5@TQ,rcouvecv@apple.com
Guthrey,jR2?QbSp,gdumpletoncw@devhub.com
Matelda,dO8_yPUF/0)c,mdrinkhallcx@fda.gov
Lianna,hV6?#%h!_,lbartleycy@vkontakte.ru
Henri,"zY6""d~igd#Q",hbristowecz@wikimedia.org
Bo,aC5@A|J?1,bthackhamd0@about.com
Jori,kR8.GXo0fumY$c@,jslanyd1@godaddy.com
Ford,oL6*ZsqZBA(3R,fgenteryd2@sakura.ne.jp
Elana,"bQ1.#n2O|v/$|,?3",eescalanted3@lycos.com
Bud,iT3>f$nWy,bthewysd4@over-blog.com
Thornton,wH6(DrKrD,tqusklayd5@yandex.ru
Bay,jZ2>qF|$w,bcurnokd6@ucoz.ru
Randy,xT3!HB8@QoMw,rcampaigned7@example.com
Harrietta,"rE9{@""XMdsM",hgollingd8@sbwire.com
Gail,qA9~6sLp,glongleyd9@creativecommons.org
Elvis,"aJ0|#,0n7>iy'a",elivoirda@stanford.edu
Lotta,sW2`|=eD,llegassickdb@ning.com
Robena,"jB1&V90,v7,=",rminihanedc@yahoo.com
Dasha,lH0%x}Oz`rPdzzty,dgallihawkdd@imageshack.us
Wally,hH7=pCScTw0,wskeldonde@guardian.co.uk
Efren,oK6|!FLH5,eferrottidf@pen.io
Fernandina,"xF7""V`cq}y<*",fhazartdg@bluehost.com
Johanna,vO5$ukEwP>Orj,jlysonsdh@intel.com
Brett,"xZ7*e)$)ZuhQZ,",bsirmondi@nbcnews.com
Evy,lD7'g.wkJgl,egoudadj@istockphoto.com
Nerti,"uH3{oK!r""4~cxt",nyarralldk@xinhuanet.com
Zabrina,zP8+JUw|=|,zcaffdl@360.cn
Josephina,"wG3}dk9i{4""Z}a7o",jperrindm@businessinsider.com
Taddeusz,sV5?Oly`M,tbockingsdn@sciencedirect.com
Jennine,dM1\ZiTY#xw38,jbaildondo@icq.com
Charley,qZ5.o!D0H(?,crosiellodp@unblog.fr
Aubrey,"dY7""W8QkWBc|&sNQ",alegondq@slideshare.net
Faydra,eD6||8{71Ag*,fyerilldr@ox.ac.uk
Clevie,yJ1=LmdC0ppqK&Bb,cfitzroyds@i2i.jp
Bret,mX4\lWOwsovV,bbridgewaterdt@jiathis.com
Chelsy,pQ0=WRM_T2,ctakledu@ox.ac.uk
Francoise,qX0.LBBA?,fcowterddv@last.fm
Francesca,lS5/trJ|n}c0C1p8,fenniondw@topsy.com
Anders,pB3)B116D/ps.3F4,adenkdx@washington.edu
Rickard,dH0=@$$W>hAd,rstrangwooddy@accuweather.com
Alissa,jS7>0J1+'LLb,astoddarddz@blog.com
Gelya,zA5>68{|a,gdoberere0@comcast.net
Hewe,cP5`ihS7*3B,hmurdene1@umn.edu
Kylynn,aI3=8?qRJXVyh,kkestine2@sina.com.cn
Ignazio,"aH5+{`l/""fin",ilemmere3@lycos.com
Guglielma,nW1/w/\COD1j>*?#,gupshalle4@wp.com
Zaneta,"jI3(N,gY\",ztoombse5@businessweek.com
Opal,vZ9!>YiKyMUA,oedgelere6@ft.com
Thedric,xM0/o$G>a,ttriebnere7@feedburner.com
Aleece,pT3#<G9YPutf,arispinee8@icq.com
Tally,"eG7)rLvw}S""@T""",tsarathe9@zdnet.com
Analiese,oL7?OLwR%eLo@Z?>,apavettea@google.pl
Lexis,zL2*q!bQn,lprobeyeb@gov.uk
Eugen,bQ8+E89SAd},ewickershamec@twitpic.com
Rubin,lR5'8_kV__R(6p,rsollanded@creativecommons.org
Tanner,kA5>l`(_Hr,thealeasee@reuters.com
Dory,nG4#*e8Q\,ddobbsonef@shareasale.com
Tucker,nV7=OLi6OQ.cdQ3y,tdrinkaleeg@auda.org.au
Lucia,yY1&w.Ag3,lmaypowdereh@odnoklassniki.ru
Tobit,uI4//{D!,tmaskelyneei@pbs.org
Mona,yJ2\$+0G,mibleej@angelfire.com
Luciano,gJ5)2<o@S*,lrosindillek@addthis.com
Brande,cI4$M`Sj0,bbarzenel@cbsnews.com
Catlin,"wT4?<_b""gq5zK\5",cdacresem@biglobe.ne.jp
Tricia,qJ1&y&Q+I,tgreshamen@phpbb.com
Adeline,sI2$K7CIi*d=aPE,abaudoueo@wikimedia.org
Frederick,kA0#Q3XsZUX}4\}@,fferreresep@netscape.com
Tarrance,zC8>&q4x,tmccreatheq@smh.com.au
Starlene,uH0}\K(Ob=$E|#t,sthurlower@sina.com.cn
Birk,"uR9`5""3z//,Y,oE",bcapelowes@paginegialle.it
Kellyann,sQ4@7j}?}pw8|f,kshrimplinet@vkontakte.ru
Elberta,"iV3@6tmV,?b$@",epidwelleu@japanpost.jp
Teodoro,gT5{4K#O2,thelleckasev@earthlink.net
Obed,"aV3}q*g,s++",onuddew@vimeo.com
Kakalina,pZ0>5>bH6`F!,kbeachampex@cdbaby.com
Andy,jH7~DObc9s%,aluxey@apple.com
Josefina,sX5|KSb!E.wHS,janstisez@hud.gov
Abel,nD0_<Xhg5,asellstromf0@issuu.com
Kain,fW4(SI$Wqh?kl+5,ktammadgef1@wiley.com
Dacia,bA0{$*u$2,dbelchamf2@pinterest.com
Valentina,"jK0""7|LY",vabelaf3@alibaba.com
Petronille,hC7)nq'Vy$=7hBAM,pcortesef4@opera.com
Ainsley,aJ0|9XP`,aklimmekf5@etsy.com
Jessalin,zY0{<rn2u@33#qWu,jgodinf6@blinklist.com
Suzi,"kP7$2c.uR,tqKd49",sgrenshielsf7@army.mil
Alonzo,"xF0_Dl,%mM(4y'",adenef8@diigo.com
Dasi,kZ2&d{JhTe|s{8C,dolagenf9@state.gov
Jade,"iT6,1U94R}sNdy7",jmccullaghfa@fotki.com
Harold,uW1~8R|4GX>P,hfollingfb@vk.com
Ruthy,iB0&zl$aGD`5rOu,rblaxlandefc@amazon.de
Emilio,vV3`YJCMx8$O,erampagefd@tuttocitta.it
Tiff,"nI3\,`sIcgiQnW>",tcartmailfe@nifty.com
Rahal,"hJ1>z""yH5",rfranzeliniff@gnu.org
Storm,"zS1{',@%SuC",sscurrfg@mashable.com
Jorey,xW0@Xwdw{s%7&Ap,jdzeniskevichfh@samsung.com
Roman,wJ2`vQus)0O,rgrabbfi@acquirethisname.com
Minor,kG2|lS)N/M`gbdo{,mdenersfj@mail.ru
Darlene,yX0+rG62i}n9<,dstapelefk@earthlink.net
Carin,"oB6#qv,/",cgoudefl@mashable.com
Lory,"uQ4/u>F)""kQ+",lolenovfm@simplemachines.org
Gran,wS3>H2X5v1,gsparkesfn@hc360.com
Crissy,kZ7(|i&s>0Re,cwelshfo@example.com
Randa,mL2=Q#TpfiHYQ8.A,rlamonbyfp@w3.org
Talbot,"mW1>%xM+DU%B@k!,",taleksandrovfq@issuu.com
Tabbatha,zF9+V(#06cI,troycraftfr@go.com
Sianna,cC8@iTjrq?,skachellerfs@yale.edu
Leigha,xU9`+.19,lbreartyft@merriam-webster.com
Jacquenetta,fE0))c<!SL*b`n|,jrandlesonfu@wiley.com
Jaimie,jK0$V%=o2,jloddenfv@addtoany.com
Emmalee,bZ4$gKXZm<1?,eroseburghfw@ovh.net
Raffaello,dT3(4&}z_19,rrozierfx@shareasale.com
Allie,mI4>Wb8Br$wjZWU,amarneyfy@slate.com
Mirabelle,"aW8.gwM,pubE",mseebrightfz@devhub.com
Pearline,sQ5|MMCCu,pmarkushking0@github.io
Nikaniki,xV1?<qWndaMjdYo,nkmieciakg1@trellian.com
Sebastien,pI5)@1z>4<V,sflaggg2@topsy.com
Marleah,vI8|lXmfwOHX,mludeeg3@a8.net
Jammie,"bV8@""c}FCj",jmosbyg4@earthlink.net
Tamas,rQ2)#ZCO,tdonalsong5@omniture.com
Fleur,uC0*z}wu?T,foscullyg6@engadget.com
Dallon,wX1#Z_n{M,dnormabellg7@typepad.com
Cathyleen,sW2?=5BJGv@}E'Ny,couldcottg8@webnode.com
Shelden,"sO2<hk<f,3%$)a",scuellg9@cnet.com
Spense,"jE0%!{L,O@kucEu",smitchenerga@example.com
Cookie,sR8@4#yAb#,cbengoecheagb@t.co
Teressa,lI5*nZp(X>UNKW?$,tsteaninggc@e-recht24.de
Zane,aO3_/(.F,zepdellgd@java.com
Horten,lP4<$u0kA?Q*,hkensholege@wunderground.com
Farrel,"iA8,k),CG",fskogginsgf@mail.ru
Jecho,rB8|\E_KHtOn,jbenedekgg@usda.gov
Filia,cA6*&2Osj+44wVJ,fsultangh@wordpress.org
Dagny,rU3~PA)B<3.Dr,dcanetgi@cbslocal.com
Jenelle,bC0#l4m+=CAR.nx,jtansillgj@constantcontact.com
Linus,fB6.t'd0q,lguildgk@istockphoto.com
Meghann,pQ4~3z_J/jo,mkienleingl@gravatar.com
Luelle,dB5=HDy!h5px,lgwinnellgm@dropbox.com
Katie,"xW1@qPJ3""nW4G",kphilliskirkgn@furl.net
Betsy,iU4(sq#z%\lBxlD@,bmccambridgego@ovh.net
Olenolin,zG9`53'?5~y,oklosgp@wikia.com
Othello,lL2%R4&M_maE,owesterngq@bloglovin.com
Haywood,"nW0|`l{Y,H",hdawidowskygr@arstechnica.com
Hersch,"yC0.4L#%',S,Y)",hstretegs@microsoft.com
Ram,"iK2""6'Q1""1R+Vz",rkoomargt@ucoz.ru
Verney,"rR1""_9$f!8A0N",vtevelovgu@economist.com
Leupold,pV3`6y#~,litzikgv@state.gov
Hermina,kZ6.Kz(iATf*,hmifflingw@go.com
Susann,iV3*KuU%mIzHJ7F#,sconquergx@google.es
Alexina,vF4/1W*>\6n*',apenhallurickgy@discuz.net
Iris,kL4/vRLa,ipepysgz@washingtonpost.com
Deeyn,"vJ3?w|@D*2~p,fu<",dfrayneh0@dailymail.co.uk
Lauralee,"uE0,Rp{*}~E{",lpictonh1@psu.edu
Mei,gM4({a$>E%2#{~8!,mgrinterh2@ca.gov
Kellsie,tR9%Aojuwj\j,kwatmoughh3@java.com
Ram,gQ2\<SRUwI=fWh,rsimecekh4@google.ru
Hermia,iX7!wzoBFNO6,hcaulierh5@seesaa.net
Elyssa,"oV8?R""lsH$M/?",erydingsh6@scribd.com
Jeddy,vI8?Zm=v#<~U,jwormellh7@wisc.edu
Susi,vO1}R1iBVz&G(BO,stussaineh8@paypal.com
Gunther,lC1)V%cV29}<,gughettih9@com.com
Aviva,"bE7#=t7Q8(|{q`k,",aknoxha@fotki.com
Ernesto,vH3%r7q'E}y'!%,egreenallhb@springer.com
Dov,"zY4""~Fb)",dnorawayhc@behance.net
Elyn,mV4`l|/S<!_MWRc,eolwenhd@topsy.com
Florenza,cO0|@CbBc'$v,fbrownhe@multiply.com
Alasdair,uX5.uae`02'!Nj,asleehf@furl.net
Beverley,gV6{{zWxx<epw.M,bgreadyhg@youtu.be
Myrlene,gG7<$j$FyMBTA,mpreatorhh@sohu.com
Baxie,zT5((of{=,bbinkshi@cisco.com
Kimberlee,"vR7,nE(t$s{jmt",kkidstonehj@mysql.com
Padraig,pB1@GNeK61p,posbaldestonhk@chron.com
Orelle,"uJ4`>(kZ{zr""Oo9",ogersonhl@naver.com
Joey,lO3)YqND,jstandishbrookshm@yolasite.com
Gilli,"eQ5!y/@d,sg""",ghardistyhn@printfriendly.com
Humfrid,xP5@dYfW9,hyeldho@state.tx.us
Jannel,aA8)(`CC,jstoadhp@blinklist.com
Adelice,kD4`yBRA#=cm(,asymingtonhq@vimeo.com
Yalonda,"bD9,%J4U~",ymonthr@yahoo.co.jp
Korney,oM3|cchl,kdoolanhs@google.de
Antonia,rW2$'z!~E>oe{7,akornilyevht@dyndns.org
Donny,tO9\aeZK!.3S),dzimekhu@google.co.uk
Kelley,rJ6?NH%&,kmckellochhv@usda.gov
Jinny,dO9@'#CXk4vC,jchamberlaynehw@indiatimes.com
Jessica,vA3?XwJwYHxr)UL,jgilpillanhx@ftc.gov
Forester,aT3|U)%h6H?,fmcgerrhy@skype.com
Aguistin,dG6=2A*j|z%`KyW,afluithz@cnn.com
Fenelia,pJ8~xHjNEQeAA}\,fgalloi0@scientificamerican.com
Alessandro,zI8>1)s2C{PC,aattreedi1@ycombinator.com
Demetris,pC6%dhj&Z,drawlli2@google.it
Franchot,"zT6""KzNp/",fsuthworthi3@shareasale.com
Dasya,pX0#A\=v4s,dleathami4@is.gd
Berny,eZ1'I(?iD`NG,bboudi5@ehow.com
Francois,fW1@BeK!sx@G,fjellemani6@yahoo.co.jp
Mariele,"kL1`rH=f""O%(4(O,",maneleyi7@topsy.com
Bambie,kS5+?tJ%mcd_,btixieri8@foxnews.com
Bradley,wQ5(K'lW#TV{W,bflisheri9@vkontakte.ru
Ignacio,cP4{3Wk9,iletcheria@irs.gov
Annalise,"xD7/<""+b{r_i",achalcroftib@cornell.edu
Hebert,"fX8,4O+&5",hwiggintonic@meetup.com
Wilfred,aU5%1izrQHlvfPY,wdeaguirreid@princeton.edu
Dael,eZ5~SENl67,dsarchwellie@amazon.co.jp
Delmer,kD9<Sv.XyC(26iqs,druoffif@dot.gov
Elset,wS1(GghTej~T>I,ecartledgeig@rediff.com
Nerte,iB2.8vY63O,nrumboldih@deviantart.com
Jasmin,hK1_?f3jJLkF}a,jeakleii@mozilla.com
Oliy,jY9%syrpfoU,odowningij@nyu.edu
Freddy,"cC2,B+g/6",fmaccallisterik@ocn.ne.jp
Terencio,iP5`@yJ$X@4,tsexonil@sakura.ne.jp
Jourdain,"kA5""#.).0",jfilchakovim@wordpress.com
Wilhelmine,"dC0,XNFpQEblm",wplaxtonin@house.gov
Gina,fD7!CJr=UcD+J,gtorresiio@cdbaby.com
Ynes,wS2'_JNfF,yeadip@jalbum.net
Maynard,jQ6)%!fBG,msaytoniq@msn.com
Tybalt,kE5!RO'Z6,tfelgatir@noaa.gov
Alanna,rK8}Kp+N.SNh2B,ajeffersis@livejournal.com
Gregor,rN3)DBMzb5,glosanoit@bbb.org
Gonzalo,oL0!CXxww4|I)'`Z,gwaterdrinkeriu@tmall.com
Web,dV6\N'B|!,wcraikeriv@seesaa.net
Klarika,"mL6\D#|,,",ktriggiw@comsenz.com
Lanae,hG5*ynZXi,lmardlinix@vistaprint.com
Dag,lI9~\E0Kvj,dshimminiy@ebay.co.uk
Emmet,rD7*L&y}!f`,egraceiz@furl.net
Lindsy,kD6@VfRu+1=PB,lducketj0@yelp.com
Marline,xT4`\`ZOiu%`s,mbeekenj1@marketwatch.com
Joshuah,eJ7=NPB0,jmcclenaghanj2@google.com.br
Kacy,"aU3%,Q!8vY+)z""U",krivalantj3@desdev.cn
Selene,yR3)aio{NWe5z80X,sbullonj4@chronoengine.com
Dale,iR5<TV){,dlargentj5@japanpost.jp
Laraine,vR1<b$.S2@hdGx,lgronavj6@cdbaby.com
Suzette,iO9!ol/JkJb+,swintj7@geocities.jp
Aile,vE7\tV(2y9oim~e,ajanczykj8@prweb.com
Jodi,rR1<.0XrzXtHV,jstoltingj9@wunderground.com
Mercie,bQ1&zGLlIig(H,mmacanellyeja@washington.edu
Carmel,hS0/+O~S,csuffjb@livejournal.com
Hayes,"iH0'T>qu~<""$RUi",hbramwichjc@yandex.ru
Mord,uZ7%<8xG>3QWt,mcollmanjd@ocn.ne.jp
Gabriele,rK8=I\YayY1,ggarleyje@epa.gov
Kandace,"yM6$cScu,Au\",ksaffonjf@edublogs.org
Wiley,nK0!#N&JXq1GH,woakenfieldjg@google.fr
Antonina,zY7%Y/CQB6,abertinjh@psu.edu
Sue,xB1/EEtdYJaf,slillji@guardian.co.uk
Tish,"cY4""JD{aM)S$'vS?",tmerrickjj@bbc.co.uk
Zed,oY0}|JB2)dir/ys,ztryjk@cam.ac.uk
Ginnifer,iM3#tDVAx8X0,gcalltonejl@tripadvisor.com
Thatcher,rU1'Kt=(um,tpowtonjm@wikipedia.org
Yuri,wR1}HzLsbK6u'gp,yjoslinjn@ask.com
Kele,xZ0@=g59gbBDGKch,kpetracekjo@ow.ly
Frieda,gA5?0}\IjGe+),feltringhamjp@cpanel.net
Robinette,mS8@joQxwC|JPJ_,rfleetwoodjq@dropbox.com
Jaye,jO4|`\ZwAW,jwhildejr@bravesites.com
Gunilla,wC7!9+$w'\C_9,gboxilljs@va.gov
Lina,cD5%NDNmt@gdZ5Xu,lleamyjt@scientificamerican.com
Eadith,qE9*{7$nP,ekynndju@paginegialle.it
Erminie,gN8(/_&l~c5VK,ebrigmanjv@last.fm
Laverna,"sY3\,4n""7Sx?Al?#",lmoultjw@ifeng.com
Maggy,"mZ2""Jj\ZMIPh,|5X",mgillespiejx@opensource.org
Niko,hW4~D}BQ(4yUl,ntrevettjy@about.com
Aldous,bC8@rFcMoKDJQ6,asatchelljz@google.cn
Lion,aV5)i61e?W,ltrewhittk0@mail.ru
Dukie,gA3!Xr.>4~,dcartledgek1@princeton.edu
Louisa,"jB6\,ANmS<",lhutsonk2@mashable.com
Alonzo,dZ5`JY0#y'ea,aecklyk3@macromedia.com
Teodoro,eJ0=f>@{HOG$YY<,tkloskak4@irs.gov
Odille,nS6~*NT7{Y+6M0,odarellk5@nhs.uk
Nicolea,"cV4#_v""_.",nlondonk6@icq.com
Flossie,gE8+<V!.2}X`LD,fromeufk7@google.fr
Gaven,"mR3""ouL9",gochiltreek8@hp.com
Bernette,"vR9/lF/+A""t",briepk9@photobucket.com
Jorgan,"lG8""t*S{4Hb&",jmildnerka@ftc.gov
Westbrook,aW0\$\a*,wkeepkb@columbia.edu
Hadleigh,lV6%H1q|,htenneykc@ihg.com
Ernaline,bK3\sTc}OU2YMW1,ekerslakekd@last.fm
Orren,jC6!loDC1QEV#Q,ocornillotke@ask.com
Lorens,"wG1!CCk,PmkhpH|F",ldurdenkf@storify.com
Muffin,uF3}fy8#Zn{tST/0,mpinerkg@usda.gov
Ambrosi,pH0<qj8YKDJE)=6,afaulokh@bloglines.com
Elayne,iD7<1TVt%hp,evlieski@google.com.hk
Ella,"gY3,5%`XH+",esuerokj@vkontakte.ru
Yancy,nZ8=$+HHq,yjerischkk@senate.gov
Ola,jN8#j|B|5hSBs,ofarquharkl@whitehouse.gov
Toiboid,sP5|A6<kkr<g?{.4,thuffykm@nifty.com
Gavin,yR0\Rhvz2OpL+,greisensteinkn@yale.edu
Herby,kR9<<j+9'sE=3>>5,hswaineko@paginegialle.it
Malachi,xL1$/xD=<o~=%nHg,mseabertkp@printfriendly.com
Gale,rM5_v/YUi%,gbecketkq@hhs.gov
Demeter,"rF9|/9wH{""&O",dlezemorekr@bigcartel.com
Dot,"dT8""<_65Q""$",dboldeckeks@artisteer.com
Faustine,gR7&OY3kN,fmaslinkt@cbc.ca
Averil,"gC6""xzN>",amichelleku@google.com.au
Ophelie,fO0><jVaqOxj1,oworsfieldkv@examiner.com
Amalia,yQ2))K6u?\,aboolkw@netvibes.com
Marje,bP7}@b\1Qp,mhambeltonkx@histats.com
Reta,"lL6_f>4O""y73u",rbleacklyky@github.io
Dasha,aJ7\cHLgmQky,daymeskz@unc.edu
Michael,fN4*y!TVuN$Wuv?,meannettal0@macromedia.com
Kendre,uJ6!Sw?R(_Gg1y5,khaddyl1@microsoft.com
Blancha,yT6{I<gilR,burlinl2@google.cn
Bryce,nB7.lLDI/XKxoz*,bfurneyl3@baidu.com
Bevon,"jO8%,mhz+",bbrugemannl4@weebly.com
Ikey,"jM6,fvCx3DAB{F$R",imonteathl5@barnesandnoble.com
Edna,lI1|fIVoC_,esabbenl6@engadget.com
Vernon,"kQ3'G{#I`$tUmF,G",vbatchanl7@psu.edu
Bridget,"fR1_""m!X<fFH\",bcutrissl8@ow.ly
Isabeau,gH9#i.u%l,isimoensl9@ycombinator.com
Carol-jean,vE2!%tP!,cyakobla@rakuten.co.jp
Alon,jP1(g60AVYRr,acrutchleylb@fema.gov
Kalindi,iA3`Kd&~pAE,kspadazzilc@skyrock.com
Filippo,vQ5$.lUwqK*7,fblenkinld@histats.com
Bradney,"lP4,""*Rw0T+A3dBy",bbraksperle@fastcompany.com
Halette,gH6@B~0P,hfooterlf@sun.com
Marylee,sV4#o\f$@sa_|\,mbarrowslg@netlog.com
Timothea,mC6_k>P?6{,tboutellierlh@mail.ru
Frederick,hL2.maMp.W,flevettli@instagram.com
Antoine,"yG2,aA=e",asaffelllj@timesonline.co.uk
Susann,vO6}|fyme,skrzyzowskilk@rambler.ru
Kristine,vB9>U{J))Mx,kbauntonll@drupal.org
Tabbie,"oL3(qv8_|mxw.5""",tducaenlm@yelp.com
Boyce,pG9'E#pD|*k,bfittonln@yellowpages.com
Dore,"rU1}yZq=BJBq""a_b",dgiovannaccilo@jimdo.com
Gloriana,oU0/!qJ!{VcP\,gjohanneslp@huffingtonpost.com
Debby,fF3(@nUj#H\*j,dduckerinlq@cmu.edu
Aubree,"gS0+V~""UZW",alegallolr@w3.org
Ransom,"xK5`=P6'.w""k",rgilletls@jiathis.com
Niko,tX3/|5bN,njurslt@goodreads.com
Nye,"tF7&hEJ+,",npowerlu@istockphoto.com
Giorgio,"gX5{J""KOQhHWGX",gbenainelv@creativecommons.org
Darrel,oT4`pK\}8I?_d{,dcreberlw@accuweather.com
Iona,eG8?`\H/o0dn,ikunzlerlx@economist.com
Jayson,fA4+VuUxm`pvz,jholdallly@squidoo.com
Nat,cA0$6SRu|f`5sw=,nsiggerslz@europa.eu
Roana,zD6=%)/EZHcgsgOT,rblickm0@parallels.com
Merwin,kD7{3i(4x6e}P>aO,mstebbingsm1@facebook.com
Beilul,jD5)$3<9a`!Mln,bmindenhallm2@hatena.ne.jp
Angele,iC5)!@/$W,achansonnaum3@ezinearticles.com
Parsifal,tR1#Bd@wC,prhymem4@google.ru
Adriena,"xD4,52i6ciP",alentm5@dedecms.com
Ivar,nK0)<u5`((>!|,imolloym6@jiathis.com
Leonora,qS6/tQ|kW}t2p!f,lpoytherasm7@exblog.jp
Kelsi,bE7+<1kOpDNn2,ksamterm8@oakley.com
Cecily,oY1<ls80WGB,cdeniskevichm9@harvard.edu
Lenna,tO0`}9G%$,lgherardescima@yandex.ru
Monte,aU5@ViOW/,mcosstickmb@salon.com
Joseito,hF2.*s|zN5Ynj,jyerlettmc@dion.ne.jp
Keith,"bW3,jBb+Cc.",kbaudainmd@ameblo.jp
Piggy,eJ9=$z.2,psugarsme@imgur.com
Lincoln,fN3\4vY+D)koKZ#,lwaterdrinkermf@businessweek.com
Jed,wF2?<|>_(6,jcasonemg@berkeley.edu
Ivette,iL7#OF/Ino3QR,iklimczakmh@merriam-webster.com
Troy,"jU9|\)s+,80",tfarrahmi@ucla.edu
Judd,"mX9,k""xSrF+z",jjubbmj@xinhuanet.com
Missie,zS4!)aTu&BdvyQF,mjappmk@issuu.com
Pincas,dJ9)OC6(>,phogsdenml@redcross.org
Emmye,wM4<Ng4G&@6,ehanshawemm@usatoday.com
Brew,mD5%BIN'FfI~H_,brodgermn@dailymail.co.uk
Morgan,zV6*eF+Q,myardmo@netlog.com
Hewitt,xU3>nI5o},hkaleymp@sun.com
Leslie,aU9|`59u~8)k,lhuckabemq@netvibes.com
Lavena,"dX7""S<JemQ||C",lbertrandmr@netscape.com
Lars,"nK9|k4!W*>XFb,",lshimwallms@usatoday.com
Ilka,lZ7'6!#N{SZ%).x+,ibreakspearmt@tiny.cc
Chaddy,gP5=wN?{WwK#A,cbenjaminmu@storify.com
Coleen,hO0!2>Mwgv,cbeethammv@howstuffworks.com
Betta,"yV8/v,EZ/",bshovlarmw@census.gov
Queenie,nY1.\xx|*P|9sjNL,qmcnirlinmx@myspace.com
Tabby,sJ9$|m2\nOH2n,tdickeymy@sohu.com
Miquela,tC0$HuA*3,mdynemz@dion.ne.jp
Basil,pG1>F#VmH>'2,bandrolin0@usda.gov
Avram,"oG3|,&C'{Szk<",apietruszewiczn1@google.com.hk
Michail,qI5~p#yl,mbrotherwoodn2@dyndns.org
Agnes,yA6.&{{8hvJ,akratesn3@shareasale.com
Constancy,"aF0""K4X8AB",cbolandn4@wunderground.com
Analise,"xH4=<uJ""",amitchensonn5@csmonitor.com
Orv,"jZ7""O%<Cs",omquhargn6@bbb.org
Brade,dC4~(Y1'K,bshinglesn7@reddit.com
Lowell,cB4&e3xyzn,lissacofn8@ted.com
Janis,oV9?<#v7q41,jlemmertzn9@chron.com
Dick,"eO5,VUi'M%E,mV2",dnewcombena@bravesites.com
Xever,nB1$D<~_,xoronannb@miitbeian.gov.cn
Curtice,oL0{Nmfn.,colesennc@fema.gov
Gale,bD3(5@crny~Lfy=,gsoltannd@admin.ch
Ruthy,kK6'6C/s?I,raharonine@netscape.com
Marion,iV5{aTK4z76,mknapmannf@zimbio.com
Walt,zJ2+34?5'uP/o6,wsmullenng@bbb.org
Anselm,sQ9@3'`!u,askelhornenh@chronoengine.com
Shandie,oM4*\zLp8,sfarishni@reddit.com
Jane,aE5!$AuwwW#Noe,jchatwinnj@deliciousdays.com
Vernor,vS4~nE~R8.,vjeffriesnk@si.edu
Alane,cK6>_0MeG@sw,asaynl@ed.gov
Lonee,rF8&d=fp,lciciarinm@noaa.gov
Christoffer,vJ7@72r5,ccornesnn@buzzfeed.com
Roz,"mM1?uA)o'8jS{|p,",rnultyno@shareasale.com
Maribeth,"uP9}?T_N,N",mandreanp@eepurl.com
Dodie,pL8}B.c+,dyersonnq@ftc.gov
Jessalyn,"vI5,kppcd`,~3L8",jcarswellnr@163.com
Pattie,"cS2~WAm\""9$@DP",psullerns@altervista.org
Hilary,"nS6`<s,L<&5R&",hbetoniant@360.cn
Paulita,tT2)*T/6!a)d<,pfinnimorenu@theatlantic.com
Ingar,nD6@h*Z5jT,ilomasnv@youku.com
Gawen,"tD0*b6D}EDR}~""",ggwinnettnw@dmoz.org
Eadmund,pF4<$%l+kHoaPuq,ewallworknx@sciencedirect.com
Myer,vN0)H0c@(?)}<,mgoldbyny@elegantthemes.com
Ezri,"rH0%SR(f?,*#",ecolletenz@paypal.com
Betti,pO8*U?~HGP0r(7w,bolivero0@acquirethisname.com
Thaddus,nR5+%9kS_9N)2ix,tbuieo1@meetup.com
Pru,fW2&5_/WH?,pdahillo2@hp.com
Kath,wC8<b0DnJosE,ksmailo3@dailymail.co.uk
Mathias,"hV0,Lq~G!w5YJ",mgirardengoo4@topsy.com
Bernadette,mW6+Z`D!1pEHkIYo,brisebrowo5@noaa.gov
Jania,eT8(0X5.,jfallao6@blogger.com
Suzanna,gN3/BBV.xMUx&eb,svansono7@opensource.org
Rollo,bG3!2}B/l,rdufouro8@soundcloud.com
Gayle,fD3&xQgBjvy4@J@,gpeardeo9@rakuten.co.jp
Rees,bU4.k$$JQ,rflowerdenoa@zdnet.com
Emmi,"gL1,prD@sArzCl3c",emcgarelob@dropbox.com
Adham,aI4#GgNZuIe542qO,amccreeryoc@jimdo.com
Consolata,cM9\TM=BJr=aVw5,clorentzod@census.gov
Derek,rF1&X1@P,dtheureroe@java.com
Lina,jZ3&V<qg{z@,lblewof@nymag.com
Currey,vC1*wShdlby({,cringsog@wunderground.com
Marlow,tZ0<lOP~>F8q,mselewayoh@shop-pro.jp
Carline,qN7~}&xRqezo|,clatoreoi@slate.com
Billie,pM2)w'jI.,bduinbletonoj@twitpic.com
Esther,kD7|.JAZDb6,eabrahartok@jimdo.com
Meredith,oZ1%SuAbNg+8A<,mdonol@mayoclinic.com
Maxie,uZ2=!`Wi,mhavilleom@vkontakte.ru
Marjy,cK4#e1s',mspridgenon@blinklist.com
Timmi,vZ0/3N8uEd,tdannelloo@tinypic.com
Aaron,kJ9$pV6<7NCep?zP,ascortonop@i2i.jp
Mauricio,"vY9}""*v.a+51ta}|",mlehmannoq@usnews.com
Rorie,"jO0""`}'@&m$5~wt",rallderidgeor@live.com
Fawne,"xC2`bM,zfUW+0BJ",fsowthcoteos@stumbleupon.com
Nikaniki,qP8=@f/uXWXR,nperoot@discovery.com
Carol-jean,uY9+oU3g3ypgR.Y,ccragheadou@eventbrite.com
Tara,iW3_>6srd,toaklyov@thetimes.co.uk
Jess,"eZ8,qqVT",jedneyow@tumblr.com
Nicola,hL9*h1#8_4D#}AbO,nwhiteox@reference.com
Kurt,"eK6$U""%T*",kcryeroy@mac.com
Odie,xR3+uYs\g,oellitoz@nymag.com
Daffie,aV1!420UByWra,dwightp0@usnews.com
Prissie,dE8}Cq\$B.L@,pcockrellp1@wikipedia.org
Maura,nB6>aa\%!V7,mscanlinp2@hubpages.com
Micky,hY9)khD4<QNVGO>,mboatrightp3@aboutads.info
Vanessa,tC7<UD&afWf{Em,vbarrowp4@washingtonpost.com
Cecelia,"iZ3{49b|,_s>(J",cwardellp5@fda.gov
Elita,zT2)w4/U,ehurllp6@bluehost.com
Kim,gJ9)ZD@*{,kthreadgoldp7@purevolume.com
Audy,wF0</Ayt,arouselp8@adobe.com
Merrel,iJ8/kZ(sg4A!q,mpearnep9@go.com
Bernadette,"fQ0\O""r>.x)#{F",bwestlakepa@networksolutions.com
Luce,cY2_yk%8?Bf,lstanlockpb@sohu.com
Angela,dK6#4|!@NEfSyJ,aaskawpc@senate.gov
Ronni,"pQ0|U2@,fpw2Ld?",ritzkovwichpd@indiegogo.com
Sigfried,jF8.%?2L@,smortlockpe@smh.com.au
Trista,"pZ8+9i%5J$""$XP",tferrettinopf@netlog.com
Loria,fY3\_D3aD8~*NFi,lbinghampg@cnn.com
Moina,xJ6=ffok,mwickrathph@addthis.com
Elva,fR3<Pt#aj,emarvalpi@census.gov
Dorry,"aJ0{W=""Tc5}3Sqh",dbamptonpj@privacy.gov.au
Carlyle,fM4)nx+=I2E76S4,cdymottpk@newsvine.com
Sandy,cD1$sm`T$3+=90\,ssparwaypl@godaddy.com
Clemmy,oU4<+=gA|J,cmulmuraypm@google.ru
Roxanna,qA6`ydhi_`,rhoodlesspn@prweb.com
Samuele,kC6#qthTyd,sraatzpo@list-manage.com
Colet,hR8/q7@t!%N,cpascoepp@un.org
Thorin,kC1@f1gP,tpechacekpq@va.gov
Bobbye,cY0`kEWeyH?!3hr,bcrallanpr@topsy.com
Stefania,pP3?rJlZQ9&D6NaI,sbranchps@wired.com
Horten,kJ3$BLEOOl2,hbarnsleypt@altervista.org
Emmet,xV3`H!GU`,emarnespu@prnewswire.com
Geri,"jP3<lmU7JWod""w",gbelfeltpv@jiathis.com
Corinne,tE1&X~1V,cmallenderpw@nps.gov
Maisie,kO9'sJ?lJ.KuOW\,mpaddiepx@cbslocal.com
Cherice,mM8}bn|=kAJ<0cs,cdarbypy@tinyurl.com
Phylys,mV1=<%zK+t,plohrensenpz@un.org
Ninnetta,"uQ8""kB\R/""O*",nbecksonq0@bizjournals.com
Sam,rQ9@?5K!u\eFO+,sdeveraleq1@tumblr.com
Matti,gS0~mEkVm}BkFe,mvangeffenq2@amazon.de
Shelli,zZ5>7&p@Ai8,sarchbuttq3@salon.com
Lilian,hM8!5|<Xl8*.`1,ldraneq4@yelp.com
Evaleen,mF8<tT`J9_=J,ejaimezq5@google.com.br
Glennie,qT4!wy*dsDQ}A8@.,gfearnillq6@nba.com
Ilysa,cO4(?N%u=<,iskateq7@prweb.com
Leland,uR6+y($dx/AX&,lhugeq8@geocities.com
Onfre,rY7$Yx|j4@x',osonnenscheinq9@feedburner.com
Cristiano,tL6>8t32>rH1,csebringqa@who.int
Livy,oN0|h(b#+9X8ApbZ,lconnettqb@unesco.org
Carlota,bI2>Q{Zl,cinkinqc@cbsnews.com
Julissa,cW7\Xa<NzAdK,jwardropqd@yellowpages.com
Rolland,"fQ0?""cqAzp&",rblagbroughqe@amazon.com
Maitilde,yW3=VRfa|e,msheasbyqf@sina.com.cn
Barrett,zI1{Pr\07$zjw/r,bgilardiqg@webmd.com
Sydelle,bS8=2*\!o#!4w,sorsiqh@soup.io
Carney,jN5?pvH6Yu,cpeekqi@youtube.com
Lennie,nR5<H##m<2XV',lschulkeqj@purevolume.com
Dulsea,"tD9""{,*""_/ev",doxxqk@admin.ch
Cyndi,gT4}//b\lCz',ccallisql@google.de
Dulci,"vZ9{V|j,V#jlTt@",dnaptineqm@cbslocal.com
Peyton,lS9<E~!+g|hy,pmarcinkowskiqn@topsy.com
Chucho,"qM4)nDq/su&,&~(i",cplumbleyqo@friendfeed.com
Bealle,zS9)trPHF,bstetsonqp@indiegogo.com
Sigfried,rM2\z!K|,shamblyqq@edublogs.org
Anya,pR7@QOkJ,ahorcheqr@uol.com.br
Giorgia,xE6*L*LBJql,gdyettqs@ow.ly
Janella,lQ1$cSxc#o7,jcaigerqt@dell.com
Ermanno,uB2.#<WKNiZ#}T.,ealeevyqu@tmall.com
Giorgio,gI4#kX?T,gmannersqv@mapquest.com
Mischa,"cU7,8U?K_UeE/""",mzupoqw@dot.gov
Wash,pA2/#'3C,wlomondqx@com.com
Muhammad,vD1&9$pWEuE2S2R,mwavishqy@independent.co.uk
Clarke,"gU5+i8,2k",cfaussetqz@arstechnica.com
Lay,dC8(N#eIiARsV$_\,ldodgsonr0@cnn.com
Clarinda,sD5{a2K8@!,caskellr1@fc2.com
Sarge,uJ5&s>qr,smcduffr2@discovery.com
Mable,"fU0,BT@!DrzqT&",marmellr3@yelp.com
Goldi,nS1@w&nM,gruthvenr4@google.fr
Joel,"aT5`60j,\(?_V",jcholwellr5@nasa.gov
Dasya,rM9/$K|Tz$3QvGK,dvanhaeftenr6@who.int
Trix,"yG4/u*)""nvMP.h",thaetr7@geocities.com
Christos,"gE5?*,_Xc>rWtnF*",cdurandr8@gizmodo.com
Damita,eM0&W*LGBh_}A,dmannoochr9@unc.edu
Janene,oZ0!j{@vnL,jdearnaleyra@businesswire.com
Lacey,xC0.lQ>xWAHMEt%,lschirakrb@vimeo.com
Suzy,aA7+>Nm.#Hgpu,sfarmloerc@surveymonkey.com
Tyne,oK9@i`.*\vW{>,tstormouthrd@nytimes.com
Johnathon,dL8`he!$,jjozsikare@digg.com
Suzy,qS9'k1Y<=)w,spymrf@house.gov
Dasi,aG1)&VfRj=RVU|b<,dauldsrg@accuweather.com
Monica,zT3\R!{3T4@sF{8$,mboddisrh@drupal.org
Berny,oS7&MV{!*,bkendrickri@opensource.org
Ardella,oF4@Bu$+te2mP,alidgelyrj@arizona.edu
Alaric,pW2'eU(#_,aschoenrockrk@tripadvisor.com
Leonhard,gC3}e9kR/Aq)4E`e,lcamoisrl@oaic.gov.au
Danielle,kU4!IJ/K.,dcheckettsrm@comcast.net
Dulcea,"zK6#k=KS}{9<_WS""",dshearsbyrn@weibo.com
Byran,fP3>&<!mnw,bkemerro@dagondesign.com
Dulcie,jB1&K6K\,dkleinstubrp@loc.gov
Ly,qI1!4(u9Diz7$dx=,lreamanrq@aol.com
Guinevere,"iH8+f5,z",gmcgenisrr@bravesites.com
